<?xml version="1.0" encoding="UTF-8"?>
<!--<!DOCTYPE albumes SYSTEM "albumes.dtd">-->
<!--<albumes>-->

<albumes xmlns:xs="http://www.w3.org/2001/XMLSchema-instance" xs:noNamespaceSchemaLocation="./albumes.xsd">

    <album id="A1">

        <titulo>Coney Island Baby</titulo>
        <artista>Lou Reed</artista>
        <discografica>RCA</discografica>
        <productor>Lou Reed  Godfrey Diamond</productor>
        <num_canciones>3</num_canciones>
        <duracion>25:15</duracion>
        <fecha_pub>	Febrero de 1976</fecha_pub>
        <genero>Rock</genero>
        <precio>9.99</precio>
        <url_caratula>https://m.media-amazon.com/images/I/61ESNZLPffL._SL1500_.jpg</url_caratula>
        <canciones>
            <cancion pos="c1">
                <titulo>Crazy Feeling</titulo>
                <duracion>2:58</duracion>
                <letrista>Lou Reed </letrista>
            </cancion>
            <cancion pos="c2">
                <titulo>Coney Island Baby</titulo>
                <duracion>6:36</duracion>
                <letrista>Lou Reed </letrista>
            </cancion>
            <cancion pos="c3">
                <titulo>She's My Best Friend</titulo>
                <duracion> 6:00</duracion>
                <letrista>Lou Reed </letrista>
            </cancion>
        </canciones>
        <formato>Vinilo</formato>
        <formato>DVD</formato>
    </album>


    <album id="A2">
        <titulo>Santana III</titulo>
        <artista>Santana</artista>
        <discografica>Columbia Records</discografica>
        <productor>Santana Musicians</productor>
        <num_canciones>4</num_canciones>
        <duracion>27:21</duracion>
        <fecha_pub>	Septiembre 1971</fecha_pub>
        <genero>Rock latino, Salsa</genero>
        <precio>8.99</precio>
        <url_caratula>https://m.media-amazon.com/images/I/71BkmoCSEPL._SX355_.jpg</url_caratula>
        <canciones>
            <cancion pos="2c1">
                <titulo>Batuka</titulo>
                <duracion> 3:34</duracion>
                <letrista>Areas, Brown, Carabello, Rolie, Shrieve/letrista></letrista>
                </cancion>
                <cancion pos="2c2">
                    <titulo>No One to Depend On</titulo>
                    <duracion> 5:31</duracion>
                    <letrista>Escovedo, Rolie, Carabello</letrista>
                </cancion>
                <cancion pos="2c3">
                    <titulo>Toussaint l'Overture</titulo>
                    <duracion>5:57</duracion>
                    <letrista>Areas, Brown, Carabello, Rolie, Santana, Shrieve</letrista>

                </cancion>
                <cancion pos="2c4">
                    <titulo>Taboo</titulo>
                    <duracion>5:34</duracion>
                    <letrista>Areas, Rolie</letrista>
                </cancion>
            </canciones>
            <formato>CD</formato>
            <formato>Vinilo</formato>
        </album>

        <album id="A3">
            <titulo>Currents</titulo>
            <artista>Tame Impala</artista>
            <discografica>Modular/Universal, Fiction, Interscope</discografica>
            <productor>Kevin Parker</productor>
            <num_canciones>4</num_canciones>
            <duracion>27:25</duracion>
            <fecha_pub>17 de julio de 2015</fecha_pub>
            <genero>Pop psicodélico, space rock, disco, rock electronico, R&B, pop electronico, rock psicodélico, música electrónica</genero>
            <precio>1.99</precio>
            <url_caratula>https://m.media-amazon.com/images/I/61ESNZLPffL._SL1500_.jpg</url_caratula>
            <canciones>
                <cancion pos="3c1">
                    <titulo>«Let It Happen»</titulo>
                    <duracion>7:46</duracion>
                    <letrista>Tame Impala</letrista>

                </cancion>
                <cancion pos="3c2">
                    <titulo>«The Moment»</titulo>
                    <duracion>4:15</duracion>
                    <letrista>Tame Impala</letrista>
                </cancion>
                <cancion pos="3c3">
                    <titulo>Eventually</titulo>
                    <duracion>5:19</duracion>
                    <letrista>Tame Impala</letrista>
                </cancion>
                <cancion pos="3c4">
                    <titulo>Cause I'm a Man</titulo>
                    <duracion>4:01</duracion>
                    <letrista>Tame Impala</letrista>
                </cancion>

            </canciones>
            <formato>Digital</formato>
            <formato>CD</formato>
        </album>

        <album id="A4">
            <titulo>The Division Bell</titulo>
            <artista>Pink Floyd.</artista>
            <discografica>EMI Records</discografica>
            <productor>	Bob Ezrin, David Gilmour</productor>
            <num_canciones>5</num_canciones>
            <duracion>66:32</duracion>
            <fecha_pub>enero – septiembre de 1993</fecha_pub>
            <genero>Rock progresivo</genero>
            <precio>7.75</precio>
            <url_caratula>https://upload.wikimedia.org/wikipedia/en/6/6e/Pink_Floyd_-_Division_Bell.jpg</url_caratula>
            <canciones>
                <cancion pos="4c1">
                    <titulo>Cluster One</titulo>
                    <duracion>5:59</duracion>
                    <letrista>	Gilmour, Wright</letrista>
                </cancion>
                <cancion pos="4c2">
                    <titulo>What Do You Want from Me?</titulo>
                    <duracion>4:21</duracion>
                    <letrista>	Gilmour, Wright</letrista>
                </cancion>
                <cancion pos="4c3">
                    <titulo>Marooned</titulo>
                    <duracion>5:29</duracion>
                    <letrista>	Gilmour, Wright/letrista>
                    </cancion>

                    <cancion pos="4c4">
                        <titulo>Take It Back</titulo>
                        <duracion>6:12</duracion>
                        <letrista>	Gilmour, Wright/letrista>
                        </cancion>

                        <cancion pos="4c5">
                            <titulo>Keep Talking</titulo>
                            <duracion>6:11</duracion>
                            <letrista>Gilmour, Wright</letrista>
                        </cancion>
                    </canciones>
                    <formato>Vinilo</formato>
                    <formato>Digital</formato>
                </album>

                <album id="A5">
                    <titulo>A Night at the Opera</titulo>
                    <artista>Queen</artista>
                    <discografica>	EMI, Parlophone (Europa) Elektra, Hollywood Records</discografica>
                    <productor>Queen y Roy Thomas Baker</productor>
                    <num_canciones>4</num_canciones>
                    <duracion>22:05</duracion>
                    <fecha_pub>21 de noviembre de 1975</fecha_pub>
                    <genero>Hard rock, rock sinfónico, rock progresivo</genero>
                    <precio>9.99</precio>
                    <canciones>
                        <cancion pos="5c1">
                            <titulo>Death on Two Legs</titulo>
                            <duracion>3:44</duracion>
                            <letrista>Mercury</letrista>
                        </cancion>
                        <cancion pos="5c2">
                            <titulo>Lazing On A Sunday Afternoon</titulo>
                            <duracion>1:10</duracion>
                            <letrista>Mercury</letrista>
                        </cancion>
                        <cancion pos="5c3">
                            <titulo>Bohemian Rhapsody</titulo>
                            <duracion>5:58</duracion>
                            <letrista>	Mercury</letrista>
                        </cancion>
                        <cancion pos="5c4">
                            <titulo>God Save the Queen</titulo>
                            <duracion>1:11</duracion>
                            <letrista>	May</letrista>
                        </cancion>
                    </canciones>
                    <formato>CD</formato>
                    <formato>Digital</formato>
                    <formato>DVD</formato>
                </album>


                <album id="A6">

                    <titulo>The Dark Side of the Moon</titulo>
                    <grupo>Pink Floyd</grupo>
                    <discografica>Harvest Records</discografica>
                    <productor>Pink Floyd</productor>
                    <num_canciones>9</num_canciones>
                    <duracion>00:42:59</duracion>
                    <fecha_pub>1973-03-01</fecha_pub>
                    <genero>rock progresivo</genero>
                    <genero>art rock</genero>
                    <precio>5.13</precio>
                    <url_caratula>https://es.wikipedia.org/wiki/The_Dark_Side_of_the_Moon</url_caratula>
                    <canciones>
                        <cancion pos="6c1">
                            <titulo>Speak to me</titulo>
                            <duracion>00:01:07</duracion>
                            <letrista>Nick Mason</letrista>
                        </cancion>
                        <cancion pos="6c2">
                            <titulo>Breathe</titulo>
                            <duracion>00:02:49</duracion>
                            <letrista>Roger Waters</letrista>
                            <letrista>David Gilmour</letrista>
                            <letrista>Richard Wright</letrista>
                        </cancion>
                        <cancion pos="6c3">
                            <titulo>On the run</titulo>
                            <duracion>00:03:50</duracion>
                            <letrista>Roger Waters</letrista>
                            <letrista>David Gilmour</letrista>
                        </cancion>
                    </canciones>
                    <formato>CD</formato>
                    <formato>Vinilo</formato>
                </album>

                <album id="A7">
                    <titulo>Back in Black</titulo>
                    <grupo>AC/DC</grupo>
                    <discografica>Atco Records</discografica>
                    <productor>Robert Lange</productor>
                    <num_canciones>10</num_canciones>
                    <duracion>00:42:11</duracion>
                    <fecha_pub>1980-06-25</fecha_pub>
                    <genero>Hard rock</genero>
                    <genero>Heavy Metal</genero>
                    <genero>Arena Rock</genero>
                    <precio>7.99</precio>
                    <canciones>
                        <cancion pos="7C1">
                            <titulo>Speak to me</titulo>
                            <duracion>00:01:07</duracion>
                            <letrista>Nick Mason</letrista>
                        </cancion>
                        <cancion pos="7C2">
                            <titulo>Breathe</titulo>
                            <duracion>00:02:49</duracion>
                            <letrista>Roger Waters</letrista>
                            <letrista>David Gilmour</letrista>
                            <letrista>Richard Wright</letrista>
                        </cancion>
                        <cancion pos="7C3">
                            <titulo>On the run</titulo>
                            <duracion>00:03:50</duracion>
                            <letrista>Roger Waters</letrista>
                            <letrista>David Gilmour</letrista>
                        </cancion>
                    </canciones>
                    <formato>CD</formato>
                    <formato>Vinilo</formato>
                </album>

            </albumes>